"(-0.0, 0.0, 0.0, 0.0, -0.19)","(array([ 3.6414, -0.631 ,  0.25  ]), array([ 0.    ,  0.    , -0.0949,  0.9955]))"
"(-0.0, 0.0, 0.02, -0.0, -0.19)","(array([ 3.6483, -0.5937,  0.25  ]), array([ 0.    ,  0.    , -0.0849,  0.9964]))"
"(-0.0, 0.0, 0.06, -0.0, -0.19)","(array([ 3.6598, -0.5188,  0.25  ]), array([ 0.    ,  0.    , -0.065 ,  0.9979]))"
"(-0.0, 0.0, 0.06, -0.0, 0.16)","(array([3.6393, 0.6347, 0.25  ]), array([0.    , 0.    , 0.1097, 0.994 ]))"
"(-0.43, 0.0, 0.06, 0.0, 0.16)","(array([3.6424, 0.4324, 0.25  ]), array([ 0.    ,  0.    , -0.1048,  0.9945]))"
"(-0.43, -0.32, 0.06, -0.0, 0.16)","(array([ 3.6131, -0.3878,  0.25  ]), array([ 0.    ,  0.    , -0.262 ,  0.9651]))"
"(-0.43, -0.32, 0.33, -0.0, 0.16)","(array([3.6504, 0.1131, 0.25  ]), array([ 0.    ,  0.    , -0.1296,  0.9916]))"
"(0.4301, -0.32, 0.33, 0.0, 0.16)","(array([3.5792, 0.5029, 0.25  ]), array([0.    , 0.    , 0.2956, 0.9553]))"
"(0.43, -0.32, 0.33, 0.0, 0.16)","(array([3.5793, 0.5027, 0.25  ]), array([0.    , 0.    , 0.2955, 0.9553]))"
"(-0.39, -0.3199, 0.3301, 0.0001, 0.1601)","(array([3.6547, 0.1321, 0.25  ]), array([ 0.    ,  0.    , -0.1097,  0.994 ]))"
"(-0.39, -0.32, 0.33, -0.0, 0.24)","(array([3.6338, 0.3922, 0.25  ]), array([ 0.    ,  0.    , -0.07  ,  0.9975]))"
"(-0.3901, -0.32, -0.38, -0.0, 0.24)","(array([ 3.3695, -0.881 ,  0.25  ]), array([ 0.    ,  0.    , -0.4124,  0.911 ]))"
"(-0.39, -0.32, -0.38, -0.48, 0.24)","(array([ 2.9495, -1.2424,  0.25  ]), array([ 0.   ,  0.   , -0.617,  0.787]))"
"(-0.39, -0.32, -0.38, -0.4, 0.24)","(array([ 3.0307, -1.197 ,  0.25  ]), array([ 0.    ,  0.    , -0.5851,  0.811 ]))"
"(-0.3899, -0.3199, 0.4902, -0.3998, 0.2401)","(array([3.5885, 0.2216, 0.25  ]), array([ 0.    ,  0.    , -0.1886,  0.982 ]))"
"(-0.39, -0.32, 0.49, -0.32, 0.24)","(array([3.5988, 0.3133, 0.25  ]), array([ 0.    ,  0.    , -0.1495,  0.9888]))"
"(-0.32, -0.32, 0.49, -0.32, 0.24)","(array([3.6072, 0.3454, 0.25  ]), array([ 0.    ,  0.    , -0.1148,  0.9934]))"
"(-0.3201, -0.3201, -0.3401, -0.3201, 0.2399)","(array([ 3.1862, -1.0765,  0.25  ]), array([ 0.    ,  0.    , -0.5058,  0.8626]))"
"(-0.3201, -0.3201, 0.2499, -0.3201, 0.2399)","(array([ 3.6104, -0.0951,  0.25  ]), array([ 0.    ,  0.    , -0.233 ,  0.9725]))"
"(-0.3199, -0.32, 0.25, 0.3301, 0.24)","(array([3.5783, 0.6542, 0.25  ]), array([0.    , 0.    , 0.09  , 0.9959]))"
"(0.02, -0.32, 0.25, 0.33, 0.24)","(array([3.5217, 0.8042, 0.25  ]), array([0.    , 0.    , 0.2571, 0.9664]))"
"(0.0202, 0.4801, 0.2501, 0.3302, 0.2401)","(array([2.3232, 2.366 , 0.25  ]), array([0.    , 0.    , 0.6134, 0.7898]))"
"(0.0201, -0.0699, 0.2501, 0.3301, 0.24)","(array([3.2882, 1.3899, 0.25  ]), array([0.    , 0.    , 0.3757, 0.9267]))"
"(0.02, -0.07, 0.25, 0.33, 0.37)","(array([3.0841, 1.7536, 0.25  ]), array([0.    , 0.    , 0.4349, 0.9005]))"
"(0.38, -0.07, 0.25, 0.33, 0.37)","(array([2.9331, 1.8323, 0.25  ]), array([0.    , 0.    , 0.5891, 0.808 ]))"
"(0.38, -0.07, 0.25, 0.31, 0.37)","(array([2.9529, 1.8201, 0.25  ]), array([0.    , 0.    , 0.581 , 0.8139]))"
"(0.04, -0.07, 0.25, 0.31, 0.37)","(array([3.0947, 1.7444, 0.25  ]), array([0.    , 0.    , 0.435 , 0.9005]))"
"(0.04, -0.07, 0.1, 0.31, 0.37)","(array([3.2702, 1.5258, 0.25  ]), array([0.    , 0.    , 0.3663, 0.9305]))"
"(0.0389, -0.0626, 0.0983, 0.3085, 0.3681)","(array([3.2695, 1.5277, 0.25  ]), array([0.    , 0.    , 0.3664, 0.9305]))"
"(0.04, -0.06, -0.11, 0.31, 0.37)","(array([3.4478, 1.2049, 0.25  ]), array([0.    , 0.    , 0.2716, 0.9624]))"
"(0.04, -0.06, -0.11, 0.31, 0.07)","(array([3.6672, 0.2462, 0.25  ]), array([0.    , 0.    , 0.1246, 0.9922]))"
"(0.04, -0.3, -0.11, 0.31, 0.07)","(array([ 3.6402, -0.3704,  0.25  ]), array([0.   , 0.   , 0.005, 1.   ]))"
"(0.04, -0.3, -0.33, 0.31, 0.07)","(array([ 3.5392, -0.7687,  0.25  ]), array([ 0.    ,  0.    , -0.1048,  0.9945]))"
"(0.04, -0.3, -0.33, 0.31, 0.24)","(array([ 3.6238, -0.2245,  0.25  ]), array([ 0.    ,  0.    , -0.02  ,  0.9998]))"
"(0.04, -0.3, -0.42, 0.31, 0.24)","(array([ 3.5849, -0.3882,  0.25  ]), array([ 0.    ,  0.    , -0.0649,  0.9979]))"
"(0.04, -0.3, -0.31, 0.31, 0.24)","(array([ 3.6304, -0.1877,  0.25  ]), array([ 0.    ,  0.    , -0.01  ,  0.9999]))"
"(0.08, -0.3, -0.31, 0.31, 0.24)","(array([ 3.6303, -0.1686,  0.25  ]), array([0.  , 0.  , 0.01, 1.  ]))"
"(0.0799, -0.3, 0.25, 0.3099, 0.24)","(array([3.5052, 0.8559, 0.25  ]), array([0.    , 0.    , 0.2858, 0.9583]))"
"(0.08, -0.2999, -0.3999, 0.3101, 0.2401)","(array([ 3.5964, -0.3327,  0.25  ]), array([ 0.    ,  0.    , -0.0349,  0.9994]))"
"(0.08, -0.3, -0.4, -0.27, 0.24)","(array([ 3.3252, -0.9533,  0.25  ]), array([ 0.    ,  0.    , -0.3193,  0.9477]))"
"(0.24, -0.3, -0.4, -0.27, 0.24)","(array([ 3.3654, -0.8891,  0.25  ]), array([ 0.    ,  0.    , -0.2426,  0.9701]))"
"(0.24, -0.3, -0.4, 0.09, 0.24)","(array([ 3.5516, -0.5115,  0.25  ]), array([ 0.    ,  0.    , -0.0649,  0.9979]))"
"(0.2401, -0.2999, 0.3701, 0.0901, 0.2401)","(array([3.497 , 0.8987, 0.25  ]), array([0.    , 0.    , 0.3149, 0.9491]))"
"(-0.35, -0.3, 0.37, 0.09, 0.24)","(array([3.5936, 0.6385, 0.25  ]), array([0.    , 0.    , 0.0249, 0.9997]))"
"(-0.3499, -0.2999, -0.2599, 0.0901, 0.2401)","(array([ 3.5486, -0.5243,  0.25  ]), array([ 0.    ,  0.    , -0.2858,  0.9583]))"
"(0.3799, -0.3, -0.26, 0.09, 0.24)","(array([ 3.6172, -0.1932,  0.25  ]), array([0.    , 0.    , 0.0748, 0.9972]))"
"(0.38, 0.12, -0.26, 0.09, 0.24)","(array([3.5438, 0.8749, 0.25  ]), array([0.    , 0.    , 0.2812, 0.9596]))"
"(0.38, 0.12, -0.26, 0.09, 0.17)","(array([3.5973, 0.6517, 0.25  ]), array([0.    , 0.    , 0.2474, 0.9689]))"
"(0.38, 0.12, -0.26, 0.04, 0.17)","(array([3.6113, 0.5953, 0.25  ]), array([0.    , 0.    , 0.2231, 0.9748]))"
"(0.38, 0.12, -0.26, 0.4, 0.17)","(array([3.4502, 0.979 , 0.25  ]), array([0.    , 0.    , 0.3941, 0.9191]))"
"(0.38, 0.12, -0.26, -0.05, 0.17)","(array([3.6292, 0.4923, 0.25  ]), array([0.    , 0.    , 0.179 , 0.9838]))"
"(0.38, 0.12, -0.26, -0.19, 0.17)","(array([3.6386, 0.3301, 0.25  ]), array([0.    , 0.    , 0.1098, 0.994 ]))"
"(0.38, 0.12, -0.33, -0.19, 0.17)","(array([3.6345, 0.1991, 0.25  ]), array([0.    , 0.    , 0.0749, 0.9972]))"
"(0.38, -0.38, -0.33, -0.19, 0.17)","(array([ 3.3605, -1.032 ,  0.25  ]), array([ 0.    ,  0.    , -0.1741,  0.9847]))"
"(0.38, -0.3, -0.33, -0.19, 0.17)","(array([ 3.4452, -0.8467,  0.25  ]), array([ 0.    ,  0.    , -0.1346,  0.9909]))"
"(0.38, -0.3, -0.33, -0.41, 0.17)","(array([ 3.2986, -1.0554,  0.25  ]), array([ 0.    ,  0.    , -0.2426,  0.9701]))"
"(0.38, -0.3, -0.08, -0.41, 0.17)","(array([ 3.5198, -0.6487,  0.25  ]), array([ 0.    ,  0.    , -0.1197,  0.9928]))"
"(0.38, -0.3, -0.08, -0.41, -0.04)","(array([ 3.3157, -1.2875,  0.25  ]), array([ 0.    ,  0.    , -0.2231,  0.9748]))"
"(0.3798, -0.3001, -0.0801, 0.4199, -0.04)","(array([ 3.5633, -0.3849,  0.25  ]), array([0.    , 0.    , 0.1885, 0.9821]))"
"(0.38, 0.02, -0.08, 0.42, -0.04)","(array([3.5499, 0.4104, 0.25  ]), array([0.    , 0.    , 0.343 , 0.9393]))"
"(-0.21, 0.02, -0.08, 0.42, -0.04)","(array([3.6615, 0.1572, 0.25  ]), array([0.    , 0.    , 0.0549, 0.9985]))"
"(0.23, 0.02, -0.08, 0.42, -0.04)","(array([3.5922, 0.3528, 0.25  ]), array([0.    , 0.    , 0.2715, 0.9624]))"
"(0.23, 0.02, -0.18, 0.42, -0.04)","(array([3.6227, 0.1727, 0.25  ]), array([0.    , 0.    , 0.2231, 0.9748]))"
"(0.23, 0.02, 0.19, 0.42, -0.04)","(array([3.4219, 0.8152, 0.25  ]), array([0.    , 0.    , 0.3987, 0.9171]))"
"(0.23, 0.02, 0.19, 0.42, -0.16)","(array([3.4977, 0.4459, 0.25  ]), array([0.    , 0.    , 0.3429, 0.9394]))"
"(0.2299, 0.02, 0.19, 0.42, 0.22)","(array([3.1107, 1.5675, 0.25  ]), array([0.    , 0.    , 0.514 , 0.8578]))"
"(-0.18, 0.02, 0.19, 0.42, 0.22)","(array([3.2602, 1.4455, 0.25  ]), array([0.    , 0.    , 0.3288, 0.9444]))"
"(-0.18, 0.02, 0.19, 0.42, 0.28)","(array([3.1684, 1.615 , 0.25  ]), array([0.    , 0.    , 0.3569, 0.9341]))"
"(-0.18, 0.0199, 0.1899, -0.3301, 0.2799)","(array([3.5517, 0.8385, 0.25  ]), array([ 0.    ,  0.    , -0.0101,  0.9999]))"
"(-0.18, 0.02, 0.19, -0.2, 0.28)","(array([3.5289, 0.9906, 0.25  ]), array([0.    , 0.    , 0.0549, 0.9985]))"
"(-0.18, 0.02, 0.0, -0.2, 0.28)","(array([3.6072, 0.644 , 0.25  ]), array([ 0.    ,  0.    , -0.04  ,  0.9992]))"
"(-0.18, 0.02, 0.04, -0.2, 0.28)","(array([3.5963, 0.718 , 0.25  ]), array([ 0.    ,  0.    , -0.02  ,  0.9998]))"
"(-0.18, 0.0203, 0.0402, -0.1998, -0.4797)","(array([ 3.2085, -1.6894,  0.25  ]), array([ 0.    ,  0.    , -0.3892,  0.9211]))"
"(-0.18, 0.02, 0.04, -0.2, -0.13)","(array([ 3.6164, -0.6209,  0.25  ]), array([ 0.    ,  0.    , -0.2232,  0.9748]))"
"(0.04, 0.02, 0.04, -0.2, -0.13)","(array([ 3.6502, -0.522 ,  0.25  ]), array([ 0.    ,  0.    , -0.1147,  0.9934]))"
"(0.04, 0.02, 0.04, -0.2, 0.18)","(array([3.6539, 0.4985, 0.25  ]), array([0.    , 0.    , 0.04  , 0.9992]))"
"(0.02, 0.02, 0.04, -0.2, 0.18)","(array([3.6547, 0.4888, 0.25  ]), array([0.    , 0.    , 0.03  , 0.9995]))"
"(0.02, -0.04, 0.04, -0.2, 0.18)","(array([3.6718, 0.3341, 0.25  ]), array([0., 0., 0., 1.]))"
"(0.02, -0.38, 0.04, -0.2, 0.18)","(array([ 3.5927, -0.5405,  0.25  ]), array([ 0.    ,  0.    , -0.1693,  0.9856]))"
"(0.02, -0.38, 0.08, -0.2, 0.18)","(array([ 3.6123, -0.4674,  0.25  ]), array([ 0.    ,  0.    , -0.1494,  0.9888]))"
"(0.33, -0.38, 0.08, -0.2, 0.18)","(array([ 3.632 , -0.3219,  0.25  ]), array([0.   , 0.   , 0.005, 1.   ]))"
"(0.3302, 0.4202, 0.0802, -0.1998, 0.1801)","(array([3.1809, 1.6423, 0.25  ]), array([0.    , 0.    , 0.3944, 0.9189]))"
"(0.33, 0.42, 0.08, -0.05, 0.18)","(array([3.0716, 1.7766, 0.25  ]), array([0.    , 0.    , 0.4618, 0.887 ]))"
"(0.33, 0.42, 0.49, -0.05, 0.18)","(array([2.4575, 2.2314, 0.25  ]), array([0.    , 0.    , 0.6327, 0.7744]))"
"(0.3301, -0.08, 0.49, -0.05, 0.18)","(array([3.2984, 1.316 , 0.25  ]), array([0.    , 0.    , 0.4215, 0.9068]))"
"(0.33, -0.08, 0.49, -0.05, -0.09)","(array([3.5441, 0.4912, 0.25  ]), array([0.    , 0.    , 0.2954, 0.9554]))"
"(0.33, -0.08, -0.0, -0.05, -0.09)","(array([ 3.6559, -0.4118,  0.25  ]), array([0.    , 0.    , 0.0549, 0.9985]))"
"(0.05, -0.08, -0.0, -0.05, -0.09)","(array([ 3.6533, -0.5443,  0.25  ]), array([ 0.    ,  0.    , -0.0849,  0.9964]))"
"(0.05, -0.08, 0.02, -0.05, -0.09)","(array([ 3.6602, -0.5069,  0.25  ]), array([ 0.    ,  0.    , -0.0749,  0.9972]))"
"(-0.46, -0.08, 0.02, -0.05, -0.09)","(array([ 3.5681, -0.7281,  0.25  ]), array([ 0.   ,  0.   , -0.324,  0.946]))"
"(-0.458, -0.0787, 0.022, -0.0477, -0.0994)","(array([ 3.5678, -0.7318,  0.25  ]), array([ 0.    ,  0.    , -0.3239,  0.9461]))"
"(-0.46, -0.08, 0.02, -0.05, -0.21)","(array([ 3.4581, -1.1036,  0.25  ]), array([ 0.    ,  0.    , -0.3801,  0.9249]))"
"(-0.46, 0.09, 0.02, -0.05, -0.21)","(array([ 3.5854, -0.6881,  0.25  ]), array([ 0.    ,  0.    , -0.3003,  0.9538]))"
"(-0.4608, 0.0892, 0.0194, -0.0421, -0.2109)","(array([ 3.5858, -0.6877,  0.25  ]), array([ 0.    ,  0.    , -0.2999,  0.954 ]))"
"(-0.4549, 0.0896, 0.0196, -0.0405, -0.2104)","(array([ 3.5895, -0.6781,  0.25  ]), array([ 0.    ,  0.    , -0.2947,  0.9556]))"
"(-0.45, 0.09, -0.08, -0.04, -0.21)","(array([ 3.539 , -0.8509,  0.25  ]), array([ 0.    ,  0.    , -0.3382,  0.9411]))"
"(-0.11, 0.09, -0.08, -0.04, -0.21)","(array([ 3.6173, -0.7107,  0.25  ]), array([ 0.    ,  0.    , -0.1741,  0.9847]))"
"(-0.11, 0.09, -0.08, -0.25, -0.21)","(array([ 3.5222, -0.9399,  0.25  ]), array([ 0.    ,  0.    , -0.2764,  0.9611]))"
"(-0.11, -0.04, -0.08, -0.25, -0.21)","(array([ 3.399 , -1.2495,  0.25  ]), array([ 0.    ,  0.    , -0.3381,  0.9411]))"
"(-0.11, -0.04, 0.05, -0.25, -0.21)","(array([ 3.5052, -1.0307,  0.25  ]), array([ 0.    ,  0.    , -0.2764,  0.961 ]))"
"(-0.11, -0.04, 0.05, -0.21, -0.21)","(array([ 3.527 , -0.9886,  0.25  ]), array([ 0.    ,  0.    , -0.2571,  0.9664]))"
"(-0.1099, -0.0398, 0.0502, -0.2099, 0.3901)","(array([3.5365, 0.9581, 0.25  ]), array([0.    , 0.    , 0.0402, 0.9992]))"
"(-0.11, -0.04, 0.26, -0.21, 0.39)","(array([3.4042, 1.3279, 0.25  ]), array([0.    , 0.    , 0.1445, 0.9895]))"
"(-0.11, -0.5, 0.26, -0.21, 0.39)","(array([3.6285, 0.1699, 0.25  ]), array([ 0.    ,  0.    , -0.0849,  0.9964]))"
"(-0.11, -0.5, 0.22, -0.21, 0.39)","(array([3.6262, 0.095 , 0.25  ]), array([ 0.    ,  0.    , -0.1048,  0.9945]))"
"(-0.1099, 0.3502, 0.2202, -0.2098, 0.3902)","(array([2.8785, 2.0957, 0.25  ]), array([0.    , 0.    , 0.3149, 0.9491]))"
"(-0.11, 0.35, 0.22, 0.27, 0.39)","(array([2.4246, 2.4257, 0.25  ]), array([0.    , 0.    , 0.5311, 0.8473]))"
"(-0.1099, 0.3501, -0.3699, 0.2701, 0.3901)","(array([3.2124, 1.6664, 0.25  ]), array([0.    , 0.    , 0.2621, 0.965 ]))"
"(-0.16, 0.35, -0.37, 0.27, 0.39)","(array([3.2244, 1.6452, 0.25  ]), array([0.    , 0.    , 0.2377, 0.9713]))"
"(-0.44, 0.35, -0.37, 0.27, 0.39)","(array([3.27  , 1.5206, 0.25  ]), array([0.    , 0.    , 0.0998, 0.995 ]))"
"(-0.44, 0.35, -0.37, 0.27, 0.08)","(array([3.5965, 0.5685, 0.25  ]), array([ 0.    ,  0.    , -0.055 ,  0.9985]))"
"(-0.44, 0.35, -0.37, 0.4, 0.08)","(array([3.5643, 0.7159, 0.25  ]), array([0.  , 0.  , 0.01, 1.  ]))"
"(-0.44, 0.35, 0.06, 0.4, 0.08)","(array([3.2466, 1.4436, 0.25  ]), array([0.    , 0.    , 0.2232, 0.9748]))"
"(-0.44, 0.35, 0.06, 0.4, -0.3899)","(array([ 3.5903, -0.0081,  0.25  ]), array([ 0.  ,  0.  , -0.01,  1.  ]))"
"(-0.44, -0.07, 0.06, 0.3999, -0.39)","(array([ 3.4756, -1.0698,  0.25  ]), array([ 0.    ,  0.    , -0.2183,  0.9759]))"
"(-0.44, 0.21, 0.06, 0.4, -0.39)","(array([ 3.602 , -0.3661,  0.25  ]), array([ 0.    ,  0.    , -0.0799,  0.9968]))"
"(-0.44, 0.21, 0.06, -0.05, -0.39)","(array([ 3.5374, -0.8798,  0.25  ]), array([ 0.    ,  0.    , -0.3002,  0.9539]))"
"(-0.44, 0.21, -0.38, -0.05, -0.39)","(array([ 3.1605, -1.5989,  0.25  ]), array([ 0.    ,  0.    , -0.5013,  0.8653]))"
"(-0.44, 0.21, -0.38, 0.32, -0.39)","(array([ 3.4036, -1.2473,  0.25  ]), array([ 0.    ,  0.    , -0.3335,  0.9428]))"
"(-0.44, 0.21, -0.38, -0.07, -0.39)","(array([ 3.144 , -1.6149,  0.25  ]), array([ 0.    ,  0.    , -0.5099,  0.8603]))"
"(-0.44, 0.21, -0.38, 0.22, -0.39)","(array([ 3.3511, -1.3508,  0.25  ]), array([ 0.    ,  0.    , -0.3801,  0.9249]))"
"(-0.44, 0.21, 0.11, 0.22, -0.39)","(array([ 3.6106, -0.4816,  0.25  ]), array([ 0.    ,  0.    , -0.1445,  0.9895]))"
"(-0.44, 0.21, 0.11, -0.24, -0.39)","(array([ 3.4746, -0.9927,  0.25  ]), array([ 0.    ,  0.    , -0.3662,  0.9305]))"
"(-0.44, 0.1, 0.11, -0.24, -0.39)","(array([ 3.3805, -1.2553,  0.25  ]), array([ 0.    ,  0.    , -0.4168,  0.909 ]))"
"(-0.4399, 0.1001, -0.4899, -0.2399, -0.39)","(array([ 2.6498, -2.0537,  0.25  ]), array([ 0.    ,  0.    , -0.6667,  0.7453]))"
"(-0.44, 0.1, -0.49, -0.24, -0.33)","(array([ 2.7684, -1.9147,  0.25  ]), array([ 0.    ,  0.    , -0.6442,  0.7648]))"
"(-0.4389, 0.1008, -0.4892, -0.2467, -0.3292)","(array([ 2.7674, -1.914 ,  0.25  ]), array([ 0.    ,  0.    , -0.6447,  0.7644]))"
"(-0.44, 0.1, -0.49, -0.12, -0.33)","(array([ 2.8912, -1.8491,  0.25  ]), array([ 0.    ,  0.    , -0.5972,  0.8021]))"
"(-0.44, -0.33, -0.49, -0.12, -0.33)","(array([ 2.0492, -2.4658,  0.25  ]), array([ 0.    ,  0.    , -0.7546,  0.6562]))"
"(-0.44, -0.33, -0.49, -0.12, 0.18)","(array([ 3.0417, -1.3401,  0.25  ]), array([ 0.    ,  0.    , -0.5646,  0.8254]))"
"(-0.22, -0.33, -0.49, -0.12, 0.18)","(array([ 3.1335, -1.2911,  0.25  ]), array([ 0.    ,  0.    , -0.4706,  0.8823]))"
"(-0.22, -0.33, -0.49, -0.12, -0.09)","(array([ 2.6894, -1.977 ,  0.25  ]), array([ 0.    ,  0.    , -0.5852,  0.8109]))"
"(-0.32, -0.33, -0.49, -0.12, -0.09)","(array([ 2.6441, -1.9901,  0.25  ]), array([ 0.    ,  0.    , -0.6249,  0.7807]))"
"(-0.32, -0.33, -0.49, -0.12, 0.13)","(array([ 3.024 , -1.4495,  0.25  ]), array([ 0.    ,  0.    , -0.5354,  0.8446]))"
"(-0.32, -0.33, -0.49, -0.33, 0.13)","(array([ 2.8111, -1.5724,  0.25  ]), array([ 0.    ,  0.    , -0.621 ,  0.7838]))"
"(-0.3201, 0.22, -0.49, -0.3301, 0.13)","(array([ 3.4272, -0.4284,  0.25  ]), array([ 0.    ,  0.    , -0.385 ,  0.9229]))"
"(-0.3201, 0.22, 0.04, -0.33, 0.13)","(array([3.5843, 0.5204, 0.25  ]), array([ 0.    ,  0.    , -0.1297,  0.9915]))"
"(-0.32, 0.22, 0.04, -0.33, 0.19)","(array([3.5473, 0.7115, 0.25  ]), array([ 0.    ,  0.    , -0.0999,  0.995 ]))"
"(-0.32, 0.05, 0.04, -0.33, 0.19)","(array([3.6095, 0.2867, 0.25  ]), array([ 0.    ,  0.    , -0.1839,  0.9829]))"
"(-0.32, -0.04, 0.04, -0.33, 0.19)","(array([3.613, 0.059, 0.25 ]), array([ 0.    ,  0.    , -0.2279,  0.9737]))"
"(-0.32, -0.33, 0.04, -0.33, 0.19)","(array([ 3.4858, -0.6611,  0.25  ]), array([ 0.    ,  0.    , -0.3663,  0.9305]))"
"(-0.3199, -0.3299, 0.0401, 0.3601, 0.1901)","(array([3.6569, 0.1143, 0.25  ]), array([ 0.    ,  0.    , -0.0298,  0.9996]))"
"(-0.32, -0.11, 0.04, 0.36, 0.19)","(array([3.5994, 0.6753, 0.25  ]), array([0.    , 0.    , 0.0799, 0.9968]))"
"(-0.32, -0.11, 0.09, 0.36, 0.19)","(array([3.5729, 0.7651, 0.25  ]), array([0.    , 0.    , 0.1048, 0.9945]))"
"(0.4299, -0.11, 0.0899, 0.3599, 0.19)","(array([3.3779, 1.0528, 0.25  ]), array([0.    , 0.    , 0.4616, 0.8871]))"
"(0.43, -0.11, 0.09, 0.36, -0.04)","(array([3.5391, 0.3435, 0.25  ]), array([0.    , 0.    , 0.3569, 0.9341]))"
"(0.43, 0.16, 0.09, 0.36, -0.04)","(array([3.3513, 0.9817, 0.25  ]), array([0.    , 0.    , 0.4794, 0.8776]))"
"(-0.3399, 0.1601, 0.0901, 0.3601, -0.0399)","(array([3.56  , 0.6931, 0.25  ]), array([0.    , 0.    , 0.1149, 0.9934]))"
"(-0.34, 0.16, 0.09, 0.33, -0.04)","(array([3.5744, 0.6603, 0.25  ]), array([0.    , 0.    , 0.0998, 0.995 ]))"
"(0.25, 0.16, 0.09, 0.33, -0.04)","(array([3.4405, 0.9023, 0.25  ]), array([0.    , 0.    , 0.3849, 0.923 ]))"
"(0.25, 0.16, 0.31, 0.33, -0.04)","(array([3.2167, 1.2393, 0.25  ]), array([0.    , 0.    , 0.4838, 0.8752]))"
"(0.25, 0.16, 0.31, 0.47, -0.04)","(array([3.0854, 1.3381, 0.25  ]), array([0.    , 0.    , 0.5438, 0.8392]))"
"(0.06, 0.16, 0.31, 0.47, -0.04)","(array([3.1642, 1.2945, 0.25  ]), array([0.    , 0.    , 0.4618, 0.887 ]))"
"(0.06, 0.16, 0.31, 0.47, 0.28)","(array([2.6158, 2.1026, 0.25  ]), array([0.    , 0.    , 0.5973, 0.8021]))"
"(-0.2, 0.16, 0.31, 0.47, 0.28)","(array([2.729 , 2.0533, 0.25  ]), array([0.    , 0.    , 0.4882, 0.8728]))"
"(0.38, 0.16, 0.31, 0.47, 0.28)","(array([2.4656, 2.1207, 0.25  ]), array([0.    , 0.    , 0.7174, 0.6967]))"
"(0.38, 0.16, 0.29, 0.47, 0.28)","(array([2.498 , 2.1052, 0.25  ]), array([0.    , 0.    , 0.7104, 0.7038]))"
"(-0.03, 0.16, 0.29, 0.47, 0.28)","(array([2.6881, 2.0696, 0.25  ]), array([0.    , 0.    , 0.5522, 0.8337]))"
"(-0.03, 0.1601, 0.2901, 0.4701, -0.1799)","(array([3.3675, 0.8332, 0.25  ]), array([0.    , 0.    , 0.3477, 0.9376]))"
"(-0.03, 0.16, -0.09, 0.47, -0.18)","(array([3.6169, 0.1798, 0.25  ]), array([0.    , 0.    , 0.1642, 0.9864]))"
"(-0.03, 0.39, -0.09, 0.47, -0.18)","(array([3.4802, 0.749 , 0.25  ]), array([0.    , 0.    , 0.2763, 0.9611]))"
"(-0.0299, 0.39, -0.09, 0.4701, 0.33)","(array([2.7203, 2.1642, 0.25  ]), array([0.    , 0.    , 0.51  , 0.8602]))"
"(-0.03, 0.27, -0.09, 0.47, 0.33)","(array([2.9403, 1.951 , 0.25  ]), array([0.    , 0.    , 0.4574, 0.8893]))"
"(-0.36, 0.27, -0.09, 0.47, 0.33)","(array([3.0518, 1.8417, 0.25  ]), array([0.    , 0.    , 0.305 , 0.9523]))"
"(0.37, 0.27, -0.09, 0.47, 0.33)","(array([2.7673, 2.0262, 0.25  ]), array([0.    , 0.    , 0.6249, 0.7807]))"
"(0.3701, 0.2702, -0.0898, -0.4398, 0.3302)","(array([3.4004, 1.2254, 0.25  ]), array([0.    , 0.    , 0.2185, 0.9758]))"
"(0.37, 0.27, -0.09, -0.44, 0.22)","(array([3.517, 0.886, 0.25 ]), array([0.    , 0.    , 0.1643, 0.9864]))"
"(0.37, 0.27, -0.46, -0.44, 0.22)","(array([3.538 , 0.2039, 0.25  ]), array([ 0.    ,  0.    , -0.0201,  0.9998]))"
"(0.3701, 0.2701, -0.4599, -0.4399, -0.1999)","(array([ 3.3477, -1.0979,  0.25  ]), array([ 0.    ,  0.    , -0.2278,  0.9737]))"
"(-0.08, 0.27, -0.46, -0.44, -0.2)","(array([ 3.2151, -1.2639,  0.25  ]), array([ 0.    ,  0.    , -0.4394,  0.8983]))"
"(-0.08, 0.27, -0.03, -0.44, -0.2)","(array([ 3.5743, -0.5633,  0.25  ]), array([ 0.    ,  0.    , -0.2376,  0.9714]))"
"(-0.08, 0.27, -0.03, -0.44, -0.07)","(array([ 3.6204, -0.1459,  0.25  ]), array([ 0.    ,  0.    , -0.1742,  0.9847]))"
"(-0.08, 0.07, -0.03, -0.44, -0.07)","(array([ 3.551 , -0.6452,  0.25  ]), array([ 0.    ,  0.    , -0.2715,  0.9624]))"
"(-0.08, 0.07, -0.03, -0.44, 0.28)","(array([3.5805, 0.4786, 0.25  ]), array([ 0.    ,  0.    , -0.0999,  0.995 ]))"
"(-0.08, -0.27, -0.03, -0.44, 0.28)","(array([ 3.5308, -0.3752,  0.25  ]), array([ 0.    ,  0.    , -0.2668,  0.9637]))"
"(-0.0799, -0.27, -0.03, -0.44, -0.08)","(array([ 3.1974, -1.4583,  0.25  ]), array([ 0.    ,  0.    , -0.4349,  0.9005]))"
"(-0.08, 0.17, -0.03, -0.44, -0.08)","(array([ 3.5941, -0.4291,  0.25  ]), array([ 0.    ,  0.    , -0.2279,  0.9737]))"
"(-0.08, 0.1701, -0.03, 0.33, -0.0799)","(array([3.6219, 0.4601, 0.25  ]), array([0.    , 0.    , 0.1544, 0.988 ]))"
"(-0.08, 0.17, -0.39, 0.33, -0.08)","(array([ 3.6648, -0.2105,  0.25  ]), array([ 0.    ,  0.    , -0.0251,  0.9997]))"
"(-0.08, 0.17, -0.03, 0.33, -0.08)","(array([3.6218, 0.4603, 0.25  ]), array([0.    , 0.    , 0.1545, 0.988 ]))"
"(0.31, 0.17, -0.03, 0.33, -0.08)","(array([3.5312, 0.6201, 0.25  ]), array([0.    , 0.    , 0.3429, 0.9394]))"
"(0.31, 0.17, -0.03, 0.33, -0.35)","(array([ 3.5827, -0.2413,  0.25  ]), array([0.    , 0.    , 0.2133, 0.977 ]))"
"(0.31, 0.17, 0.07, 0.33, -0.35)","(array([ 3.5606, -0.059 ,  0.25  ]), array([0.    , 0.    , 0.2619, 0.9651]))"
"(0.31, 0.17, 0.07, 0.33, -0.46)","(array([ 3.5349, -0.4068,  0.25  ]), array([0.    , 0.    , 0.2085, 0.978 ]))"
"(0.48, 0.17, 0.07, 0.33, -0.46)","(array([ 3.4952, -0.3368,  0.25  ]), array([0.    , 0.    , 0.2907, 0.9568]))"
"(0.48, 0.17, 0.07, -0.02, -0.46)","(array([ 3.5439, -0.7341,  0.25  ]), array([0.    , 0.    , 0.1197, 0.9928]))"
"(0.48, 0.17, 0.07, 0.15, -0.46)","(array([ 3.5376, -0.539 ,  0.25  ]), array([0.    , 0.    , 0.2035, 0.9791]))"
"(0.48, 0.17, 0.2, 0.15, -0.46)","(array([ 3.5248, -0.3011,  0.25  ]), array([0.    , 0.    , 0.2667, 0.9638]))"
"(0.4801, -0.33, 0.2, 0.15, -0.46)","(array([ 3.2255, -1.5019,  0.25  ]), array([0.    , 0.    , 0.0201, 0.9998]))"
"(0.4811, -0.3374, 0.2017, 0.1515, -0.4581)","(array([ 3.2238, -1.5035,  0.25  ]), array([0.    , 0.    , 0.0199, 0.9998]))"
"(-0.17, -0.34, 0.2, 0.15, -0.46)","(array([ 3.1282, -1.8154,  0.25  ]), array([ 0.    ,  0.    , -0.3051,  0.9523]))"
"(-0.17, -0.34, 0.2, 0.15, -0.12)","(array([ 3.5767, -0.7971,  0.25  ]), array([ 0.    ,  0.    , -0.1396,  0.9902]))"
"(0.15, -0.34, 0.2, 0.15, -0.12)","(array([ 3.5933, -0.6465,  0.25  ]), array([0.    , 0.    , 0.02  , 0.9998]))"
"(0.15, -0.34, 0.2, -0.35, -0.12)","(array([ 3.4185, -1.2037,  0.25  ]), array([ 0.    ,  0.    , -0.2279,  0.9737]))"
"(0.15, -0.3, 0.2, -0.35, -0.12)","(array([ 3.4612, -1.1101,  0.25  ]), array([ 0.    ,  0.    , -0.2085,  0.978 ]))"
"(0.15, 0.09, 0.2, -0.3499, -0.12)","(array([ 3.673 , -0.1319,  0.25  ]), array([ 0.    ,  0.    , -0.0149,  0.9999]))"
"(0.17, 0.09, 0.2, -0.35, -0.12)","(array([ 3.6731, -0.1229,  0.25  ]), array([ 0.   ,  0.   , -0.005,  1.   ]))"
"(0.49, 0.09, 0.2, -0.35, -0.12)","(array([3.6489, 0.0266, 0.25  ]), array([0.    , 0.    , 0.1544, 0.988 ]))"
"(0.49, 0.09, -0.23, -0.35, -0.12)","(array([ 3.536 , -0.7559,  0.25  ]), array([ 0.    ,  0.    , -0.06  ,  0.9982]))"
"(0.49, 0.09, -0.23, -0.35, 0.21)","(array([3.6111, 0.3057, 0.25  ]), array([0.    , 0.    , 0.1048, 0.9945]))"
"(-0.34, 0.0901, -0.2299, -0.35, 0.2101)","(array([ 3.5371, -0.0699,  0.25  ]), array([ 0.    ,  0.    , -0.305 ,  0.9524]))"
"(-0.34, 0.09, -0.23, -0.11, 0.21)","(array([3.62  , 0.1976, 0.25  ]), array([ 0.    ,  0.    , -0.1888,  0.982 ]))"
"(-0.34, -0.16, -0.23, -0.11, 0.21)","(array([ 3.5533, -0.432 ,  0.25  ]), array([ 0.    ,  0.    , -0.3098,  0.9508]))"
"(0.4299, -0.1601, -0.2301, -0.1101, 0.2099)","(array([ 3.6361, -0.0857,  0.25  ]), array([0.    , 0.    , 0.0698, 0.9976]))"
"(0.43, -0.35, -0.23, -0.11, 0.21)","(array([ 3.5463, -0.5631,  0.25  ]), array([ 0.    ,  0.    , -0.0249,  0.9997]))"
"(0.43, -0.39, -0.23, -0.11, 0.21)","(array([ 3.5158, -0.6613,  0.25  ]), array([ 0.   ,  0.   , -0.045,  0.999]))"
"(0.4302, 0.3701, -0.2299, -0.1099, 0.2101)","(array([3.403 , 1.2396, 0.25  ]), array([0.    , 0.    , 0.3291, 0.9443]))"
"(0.43, 0.37, -0.23, -0.04, 0.21)","(array([3.3689, 1.3116, 0.25  ]), array([0.    , 0.    , 0.3616, 0.9323]))"
"(0.43, 0.37, -0.49, -0.04, 0.21)","(array([3.511 , 0.8502, 0.25  ]), array([0.    , 0.    , 0.2377, 0.9713]))"
"(0.4301, 0.37, -0.49, -0.0399, -0.2)","(array([ 3.5911, -0.4649,  0.25  ]), array([0.    , 0.    , 0.0352, 0.9994]))"
"(0.27, 0.37, -0.49, -0.04, -0.2)","(array([ 3.5911, -0.5414,  0.25  ]), array([ 0.   ,  0.   , -0.045,  0.999]))"
"(0.27, 0.37, -0.49, -0.5, -0.2)","(array([ 3.3413, -1.0141,  0.25  ]), array([ 0.    ,  0.    , -0.2715,  0.9624]))"
"(-0.1, 0.37, -0.49, -0.5, -0.2)","(array([ 3.2254, -1.1451,  0.25  ]), array([ 0.    ,  0.    , -0.444 ,  0.8961]))"
"(-0.1, -0.02, -0.49, -0.5, -0.2)","(array([ 2.6825, -1.8844,  0.25  ]), array([ 0.    ,  0.    , -0.6092,  0.793 ]))"
"(-0.0999, -0.0199, -0.4899, -0.4999, 0.35)","(array([ 3.3294, -0.4057,  0.25  ]), array([ 0.    ,  0.    , -0.3707,  0.9288]))"
"(-0.1, -0.02, -0.49, -0.45, 0.35)","(array([ 3.3663, -0.3604,  0.25  ]), array([ 0.    ,  0.    , -0.3476,  0.9376]))"
"(-0.1, -0.02, -0.3, -0.45, 0.35)","(array([ 3.4942, -0.0356,  0.25  ]), array([ 0.    ,  0.    , -0.2571,  0.9664]))"
"(-0.0999, -0.02, -0.3, 0.17, 0.35)","(array([3.6052, 0.6787, 0.25  ]), array([0.    , 0.    , 0.0501, 0.9987]))"
"(-0.1, -0.02, -0.3, 0.27, 0.35)","(array([3.5811, 0.7943, 0.25  ]), array([0.    , 0.    , 0.0998, 0.995 ]))"
"(0.12, -0.02, -0.3, 0.27, 0.35)","(array([3.5482, 0.8934, 0.25  ]), array([0.    , 0.    , 0.2085, 0.978 ]))"
"(0.12, -0.0201, -0.3001, -0.4701, 0.3499)","(array([3.5258, 0.0381, 0.25  ]), array([ 0.    ,  0.    , -0.1594,  0.9872]))"
"(0.12, -0.02, -0.3, -0.42, 0.35)","(array([3.5473, 0.0937, 0.25  ]), array([ 0.    ,  0.    , -0.1346,  0.9909]))"
"(0.12, -0.02, 0.15, -0.42, 0.35)","(array([3.5311, 0.9241, 0.25  ]), array([0.    , 0.    , 0.0899, 0.9959]))"
"(0.12, 0.11, 0.15, -0.42, 0.35)","(array([3.4221, 1.2392, 0.25  ]), array([0.    , 0.    , 0.1543, 0.988 ]))"
"(0.1199, 0.11, 0.15, 0.4, 0.35)","(array([2.857 , 1.9925, 0.25  ]), array([0.    , 0.    , 0.5352, 0.8447]))"
"(0.12, 0.11, 0.15, 0.4, 0.2)","(array([3.1263, 1.6018, 0.25  ]), array([0.    , 0.    , 0.4707, 0.8823]))"
"(0.12, 0.11, 0.15, 0.4, 0.06)","(array([3.3231, 1.2039, 0.25  ]), array([0.    , 0.    , 0.4078, 0.9131]))"
"(0.12, 0.11, 0.15, 0.4, -0.06)","(array([3.4461, 0.8437, 0.25  ]), array([0.    , 0.    , 0.3523, 0.9359]))"
"(0.12, 0.11, -0.38, 0.4, -0.06)","(array([ 3.651 , -0.1025,  0.25  ]), array([0.    , 0.    , 0.095 , 0.9955]))"
"(0.12, -0.04, -0.38, 0.4, -0.06)","(array([ 3.6133, -0.4838,  0.25  ]), array([0.    , 0.    , 0.0201, 0.9998]))"
"(0.12, -0.19, -0.38, 0.4, -0.06)","(array([ 3.5191, -0.8551,  0.25  ]), array([ 0.    ,  0.    , -0.0549,  0.9985]))"
"(0.12, -0.19, -0.38, 0.36, -0.06)","(array([ 3.5094, -0.9016,  0.25  ]), array([ 0.    ,  0.    , -0.0749,  0.9972]))"
"(0.1199, 0.3799, -0.3801, 0.3599, -0.06)","(array([3.5915, 0.536 , 0.25  ]), array([0.    , 0.    , 0.2083, 0.9781]))"
"(0.39, 0.38, -0.38, 0.36, -0.06)","(array([3.5228, 0.6447, 0.25  ]), array([0.    , 0.    , 0.3382, 0.9411]))"
"(-0.22, 0.38, -0.38, 0.36, -0.06)","(array([3.6328, 0.3811, 0.25  ]), array([0.    , 0.    , 0.0399, 0.9992]))"
"(0.12, 0.38, -0.38, 0.36, -0.06)","(array([3.5913, 0.5368, 0.25  ]), array([0.    , 0.    , 0.2085, 0.978 ]))"
"(0.12, -0.2799, -0.3799, 0.3601, -0.0599)","(array([ 3.4226, -1.1145,  0.25  ]), array([ 0.    ,  0.    , -0.1196,  0.9928]))"
"(0.12, -0.28, -0.38, 0.36, 0.12)","(array([ 3.573 , -0.5536,  0.25  ]), array([ 0.    ,  0.    , -0.03  ,  0.9995]))"
"(0.12, -0.33, -0.38, 0.36, 0.12)","(array([ 3.538 , -0.6768,  0.25  ]), array([ 0.    ,  0.    , -0.055 ,  0.9985]))"
"(0.12, -0.33, -0.38, 0.36, 0.36)","(array([3.6085, 0.0918, 0.25  ]), array([0.    , 0.    , 0.065 , 0.9979]))"
"(0.12, -0.45, -0.38, 0.36, 0.36)","(array([ 3.5712, -0.2133,  0.25  ]), array([0.   , 0.   , 0.005, 1.   ]))"
"(0.1202, -0.4497, -0.3797, 0.3603, -0.3797)","(array([ 2.5962, -2.3032,  0.25  ]), array([ 0.    ,  0.    , -0.3565,  0.9343]))"
"(0.1201, -0.4499, 0.4801, 0.3601, -0.3799)","(array([ 3.3731, -0.966 ,  0.25  ]), array([0.    , 0.    , 0.0652, 0.9979]))"
"(-0.15, -0.45, 0.48, 0.36, -0.38)","(array([ 3.3736, -1.095 ,  0.25  ]), array([ 0.    ,  0.    , -0.07  ,  0.9975]))"
"(-0.15, -0.4502, 0.4798, 0.3599, 0.3798)","(array([3.3065, 1.263 , 0.25  ]), array([0.    , 0.    , 0.305 , 0.9524]))"
"(0.48, -0.45, 0.48, 0.36, 0.38)","(array([3.0673, 1.4364, 0.25  ]), array([0.    , 0.    , 0.5852, 0.8109]))"
"(0.4799, 0.1499, 0.4799, 0.3599, 0.38)","(array([2.0529, 2.3723, 0.25  ]), array([0.    , 0.    , 0.7985, 0.602 ]))"
"(0.48, -0.03, 0.48, 0.36, 0.38)","(array([2.4135, 2.1584, 0.25  ]), array([0.    , 0.    , 0.7413, 0.6711]))"
"(0.48, -0.03, 0.48, 0.04, 0.38)","(array([2.7572, 2.0314, 0.25  ]), array([0.    , 0.    , 0.6249, 0.7807]))"
"(0.48, -0.4, 0.48, 0.04, 0.38)","(array([3.2807, 1.2932, 0.25  ]), array([0.    , 0.    , 0.4706, 0.8823]))"
"(0.4801, -0.4, 0.48, 0.04, -0.2901)","(array([ 3.4583, -0.7823,  0.25  ]), array([0.    , 0.    , 0.1548, 0.988 ]))"
"(0.48, -0.4, 0.48, 0.04, -0.49)","(array([ 3.2414, -1.3778,  0.25  ]), array([0.    , 0.    , 0.055 , 0.9985]))"
"(0.48, -0.4, 0.48, 0.04, -0.25)","(array([ 3.4871, -0.6596,  0.25  ]), array([0.    , 0.    , 0.1742, 0.9847]))"
"(0.4799, -0.4001, -0.2901, 0.0399, -0.25)","(array([ 2.9276, -1.9309,  0.25  ]), array([ 0.    ,  0.    , -0.2087,  0.978 ]))"
"(0.48, -0.4, -0.29, 0.04, -0.06)","(array([ 3.247 , -1.4156,  0.25  ]), array([ 0.    ,  0.    , -0.1147,  0.9934]))"
"(0.42, -0.4, -0.29, 0.04, -0.06)","(array([ 3.2399, -1.4431,  0.25  ]), array([ 0.    ,  0.    , -0.1445,  0.9895]))"
"(0.4199, -0.4001, 0.3299, 0.0399, -0.0601)","(array([ 3.5899, -0.3656,  0.25  ]), array([0.    , 0.    , 0.1641, 0.9864]))"
"(0.42, -0.4, 0.33, 0.09, -0.06)","(array([ 3.5842, -0.3074,  0.25  ]), array([0.    , 0.    , 0.1889, 0.982 ]))"
"(0.4201, -0.4, -0.2, 0.09, -0.06)","(array([ 3.3557, -1.2504,  0.25  ]), array([ 0.    ,  0.    , -0.0748,  0.9972]))"
"(0.38, -0.4, -0.2, 0.09, -0.06)","(array([ 3.3526, -1.2694,  0.25  ]), array([ 0.    ,  0.    , -0.0949,  0.9955]))"
"(0.38, -0.4, -0.0, 0.09, -0.06)","(array([ 3.5013, -0.9294,  0.25  ]), array([0.   , 0.   , 0.005, 1.   ]))"
"(0.38, -0.4, -0.0, 0.09, 0.12)","(array([ 3.6174, -0.3568,  0.25  ]), array([0.    , 0.    , 0.0949, 0.9955]))"
"(0.38, -0.4, 0.0, 0.4, 0.12)","(array([ 3.5771e+00, -1.0000e-04,  2.5000e-01]), array([0.    , 0.    , 0.2475, 0.9689]))"
"(-0.32, -0.4, -0.0, 0.4, 0.12)","(array([ 3.6292, -0.3217,  0.25  ]), array([ 0.    ,  0.    , -0.0998,  0.995 ]))"
"(-0.32, -0.4, 0.0, -0.14, 0.12)","(array([ 3.4551, -0.9223,  0.25  ]), array([ 0.    ,  0.    , -0.3615,  0.9324]))"
"(-0.32, -0.4, 0.18, -0.14, 0.12)","(array([ 3.573 , -0.6088,  0.25  ]), array([ 0.    ,  0.    , -0.2764,  0.961 ]))"
"(-0.32, -0.4, 0.18, -0.14, -0.08)","(array([ 3.3886, -1.2295,  0.25  ]), array([ 0.    ,  0.    , -0.3709,  0.9287]))"
"(-0.32, -0.4, 0.18, -0.14, -0.04)","(array([ 3.4354, -1.1085,  0.25  ]), array([ 0.    ,  0.    , -0.3523,  0.9359]))"
"(-0.3201, 0.13, 0.18, -0.1401, -0.04)","(array([3.6606, 0.2216, 0.25  ]), array([ 0.    ,  0.    , -0.095 ,  0.9955]))"
"(-0.32, 0.13, 0.18, -0.14, -0.13)","(array([ 3.6673, -0.0729,  0.25  ]), array([ 0.    ,  0.    , -0.1395,  0.9902]))"
"(-0.32, -0.02, 0.18, -0.14, -0.13)","(array([ 3.6412, -0.458 ,  0.25  ]), array([ 0.    ,  0.    , -0.2133,  0.977 ]))"
"(-0.07, -0.02, 0.18, -0.14, -0.13)","(array([ 3.6756, -0.3448,  0.25  ]), array([ 0.    ,  0.    , -0.0899,  0.996 ]))"
"(-0.0699, -0.02, -0.34, -0.14, -0.13)","(array([ 3.354 , -1.2606,  0.25  ]), array([ 0.    ,  0.    , -0.3428,  0.9394]))"
"(-0.07, -0.02, -0.34, -0.14, -0.49)","(array([ 2.7196, -2.2251,  0.25  ]), array([ 0.    ,  0.    , -0.5055,  0.8628]))"
"(-0.07, -0.02, -0.34, 0.04, -0.49)","(array([ 2.8904, -2.0983,  0.25  ]), array([ 0.    ,  0.    , -0.426 ,  0.9047]))"
"(-0.07, -0.22, -0.34, 0.04, -0.49)","(array([ 2.5028, -2.4358,  0.25  ]), array([ 0.    ,  0.    , -0.5141,  0.8577]))"
"(-0.07, -0.22, -0.34, -0.47, -0.49)","(array([ 1.9274, -2.5973,  0.25  ]), array([ 0.    ,  0.    , -0.7138,  0.7004]))"
"(-0.07, 0.24, -0.34, -0.47, -0.49)","(array([ 2.837 , -1.9564,  0.25  ]), array([ 0.    ,  0.    , -0.5354,  0.8446]))"
"(0.1, 0.24, -0.34, -0.47, -0.49)","(array([ 2.9062, -1.9153,  0.25  ]), array([ 0.    ,  0.    , -0.4618,  0.887 ]))"
"(0.33, 0.24, -0.34, -0.47, -0.49)","(array([ 2.987 , -1.8421,  0.25  ]), array([ 0.    ,  0.    , -0.3569,  0.9341]))"
"(0.33, 0.24, -0.34, -0.47, -0.37)","(array([ 3.1888, -1.5177,  0.25  ]), array([ 0.    ,  0.    , -0.3003,  0.9538]))"
"(0.33, -0.08, -0.34, -0.47, -0.37)","(array([ 2.6834, -2.1269,  0.25  ]), array([ 0.    ,  0.    , -0.4485,  0.8938]))"
"(0.33, -0.08, -0.34, -0.47, -0.22)","(array([ 2.9755, -1.7598,  0.25  ]), array([ 0.    ,  0.    , -0.3802,  0.9249]))"
"(0.3301, -0.0799, -0.3399, -0.4699, 0.3701)","(array([ 3.5172, -0.0209,  0.25  ]), array([ 0.    ,  0.    , -0.0946,  0.9955]))"
"(0.38, -0.08, -0.34, -0.47, 0.37)","(array([3.5206e+00, 1.5000e-03, 2.5000e-01]), array([ 0.    ,  0.    , -0.0699,  0.9976]))"
"(0.38, -0.08, -0.18, -0.47, 0.37)","(array([3.5708, 0.2926, 0.25  ]), array([0.  , 0.  , 0.01, 1.  ]))"
"(0.38, -0.08, -0.18, -0.02, 0.37)","(array([3.5643, 0.811 , 0.25  ]), array([0.    , 0.    , 0.2328, 0.9725]))"
"(0.38, -0.08, -0.18, -0.04, 0.37)","(array([3.5695, 0.7885, 0.25  ]), array([0.    , 0.    , 0.2231, 0.9748]))"
"(0.38, -0.08, -0.37, -0.04, 0.37)","(array([3.5985, 0.4352, 0.25  ]), array([0.    , 0.    , 0.1297, 0.9916]))"
"(0.38, -0.39, -0.37, -0.04, 0.37)","(array([ 3.5313, -0.3513,  0.25  ]), array([ 0.    ,  0.    , -0.025 ,  0.9997]))"
"(0.3799, -0.3901, -0.3701, -0.0401, -0.2301)","(array([ 2.7831, -2.066 ,  0.25  ]), array([ 0.    ,  0.    , -0.3195,  0.9476]))"
"(0.38, -0.17, -0.37, -0.04, -0.23)","(array([ 3.158 , -1.6473,  0.25  ]), array([ 0.    ,  0.    , -0.2134,  0.977 ]))"
"(0.38, -0.15, -0.37, -0.04, -0.23)","(array([ 3.1874, -1.6053,  0.25  ]), array([ 0.    ,  0.    , -0.2036,  0.9791]))"
"(0.38, -0.15, -0.12, -0.04, -0.23)","(array([ 3.4343, -1.21  ,  0.25  ]), array([ 0.    ,  0.    , -0.0799,  0.9968]))"
"(0.38, -0.15, -0.12, 0.45, -0.23)","(array([ 3.5171, -0.6528,  0.25  ]), array([0.    , 0.    , 0.1642, 0.9864]))"
"(0.33, -0.15, -0.12, 0.45, -0.23)","(array([ 3.5245, -0.675 ,  0.25  ]), array([0.    , 0.    , 0.1395, 0.9902]))"
"(0.33, -0.1498, -0.1199, -0.4799, -0.2298)","(array([ 3.1296, -1.6436,  0.25  ]), array([ 0.    ,  0.    , -0.3191,  0.9477]))"
"(0.3289, -0.1426, -0.1217, -0.4815, -0.2319)","(array([ 3.1305, -1.6426,  0.25  ]), array([ 0.    ,  0.    , -0.3192,  0.9477]))"
"(0.33, -0.14, -0.12, -0.44, -0.23)","(array([ 3.178, -1.592,  0.25 ]), array([ 0.    ,  0.    , -0.2955,  0.9553]))"
"(0.3299, -0.1402, -0.1202, 0.4698, -0.2302)","(array([ 3.527 , -0.6286,  0.25  ]), array([0.    , 0.    , 0.1541, 0.9881]))"
"(-0.11, -0.14, -0.12, 0.47, -0.23)","(array([ 3.548 , -0.8334,  0.25  ]), array([ 0.    ,  0.    , -0.0649,  0.9979]))"
"(-0.1101, -0.1401, -0.1201, 0.4699, 0.1999)","(array([3.6079, 0.5594, 0.25  ]), array([0.    , 0.    , 0.1493, 0.9888]))"
"(-0.11, -0.14, -0.35, 0.47, 0.2)","(array([3.6457, 0.1362, 0.25  ]), array([0.    , 0.    , 0.035 , 0.9994]))"
"(-0.11, -0.14, -0.17, 0.47, 0.2)","(array([3.6243, 0.4686, 0.25  ]), array([0.    , 0.    , 0.1246, 0.9922]))"
"(-0.1099, -0.14, -0.17, 0.47, -0.18)","(array([ 3.5673, -0.765 ,  0.25  ]), array([ 0.    ,  0.    , -0.0648,  0.9979]))"
"(-0.11, -0.17, -0.17, 0.47, -0.18)","(array([ 3.547 , -0.8396,  0.25  ]), array([ 0.    ,  0.    , -0.0799,  0.9968]))"
"(-0.11, -0.1699, -0.1699, 0.4701, 0.4301)","(array([3.4577, 1.123 , 0.25  ]), array([0.    , 0.    , 0.2233, 0.9748]))"
"(-0.11, -0.17, -0.17, 0.47, 0.25)","(array([3.6093, 0.5542, 0.25  ]), array([0.    , 0.    , 0.1346, 0.9909]))"
"(-0.1101, -0.1701, -0.1701, -0.2001, 0.25)","(array([ 3.6066, -0.2251,  0.25  ]), array([ 0.    ,  0.    , -0.1989,  0.98  ]))"
"(-0.1101, -0.1701, 0.4499, -0.2001, 0.2499)","(array([3.5328, 0.9198, 0.25  ]), array([0.    , 0.    , 0.1096, 0.994 ]))"
"(0.36, -0.17, 0.45, -0.2, 0.25)","(array([3.4334, 1.118 , 0.25  ]), array([0.    , 0.    , 0.3382, 0.9411]))"
"(0.36, -0.17, -0.05, -0.2, 0.25)","(array([3.6559, 0.2185, 0.25  ]), array([0.    , 0.    , 0.0949, 0.9955]))"
"(0.36, -0.17, -0.11, -0.2, 0.25)","(array([3.6517, 0.1061, 0.25  ]), array([0.    , 0.    , 0.065 , 0.9979]))"
"(0.1, -0.17, -0.11, -0.2, 0.25)","(array([ 3.653 , -0.0172,  0.25  ]), array([ 0.    ,  0.    , -0.065 ,  0.9979]))"
"(0.1, -0.23, -0.11, -0.2, 0.25)","(array([ 3.6368, -0.1713,  0.25  ]), array([ 0.    ,  0.    , -0.0948,  0.9955]))"
"(0.1, -0.23, -0.11, 0.4, 0.25)","(array([3.6047, 0.5271, 0.25  ]), array([0.    , 0.    , 0.2036, 0.9791]))"
"(0.0999, 0.32, -0.11, 0.3999, 0.25)","(array([3.0484, 1.7971, 0.25  ]), array([0.    , 0.    , 0.4616, 0.8871]))"
"(-0.46, 0.32, -0.11, 0.4, 0.25)","(array([3.2153, 1.595 , 0.25  ]), array([0.    , 0.    , 0.1986, 0.9801]))"
"(-0.46, 0.32, -0.11, 0.13, 0.25)","(array([3.3748, 1.3271, 0.25  ]), array([0.    , 0.    , 0.0649, 0.9979]))"
"(0.14, 0.32, -0.11, 0.13, 0.25)","(array([3.2549, 1.5815, 0.25  ]), array([0.    , 0.    , 0.357 , 0.9341]))"
"(-0.27, 0.32, -0.11, 0.13, 0.25)","(array([3.3537, 1.415 , 0.25  ]), array([0.    , 0.    , 0.1594, 0.9872]))"
"(-0.27, 0.32, 0.38, 0.13, 0.25)","(array([2.753 , 2.1053, 0.25  ]), array([0.    , 0.    , 0.394 , 0.9191]))"
"(-0.2699, 0.3199, 0.38, 0.13, -0.3901)","(array([3.542 , 0.2759, 0.25  ]), array([0.    , 0.    , 0.0851, 0.9964]))"
"(-0.27, 0.32, 0.38, -0.14, -0.39)","(array([ 3.6027, -0.0353,  0.25  ]), array([ 0.    ,  0.    , -0.05  ,  0.9987]))"
"(-0.27, 0.3201, 0.3801, -0.1399, 0.2101)","(array([3.0604, 1.7873, 0.25  ]), array([0.    , 0.    , 0.2476, 0.9689]))"
"(-0.2701, 0.3199, -0.4602, -0.1402, 0.2099)","(array([3.5593, 0.342 , 0.25  ]), array([ 0.    ,  0.    , -0.1695,  0.9855]))"
"(-0.27, 0.3201, -0.4599, -0.14, -0.2699)","(array([ 3.3594, -1.1602,  0.25  ]), array([ 0.    ,  0.    , -0.3986,  0.9171]))"
"(-0.27, 0.3201, 0.4401, -0.1399, -0.2699)","(array([3.5502, 0.4577, 0.25  ]), array([0.    , 0.    , 0.04  , 0.9992]))"
"(-0.27, 0.32, 0.44, -0.14, -0.37)","(array([3.5801, 0.1393, 0.25  ]), array([ 0.  ,  0.  , -0.01,  1.  ]))"
"(-0.27, 0.32, 0.44, 0.23, -0.37)","(array([3.4429, 0.5498, 0.25  ]), array([0.    , 0.    , 0.1741, 0.9847]))"
"(-0.2702, 0.3197, 0.4397, 0.2297, 0.3897)","(array([2.2249, 2.5029, 0.25  ]), array([0.    , 0.    , 0.5266, 0.8501]))"
"(-0.27, 0.32, 0.44, -0.15, 0.39)","(array([2.6149, 2.2932, 0.25  ]), array([0.    , 0.    , 0.3569, 0.9341]))"
"(-0.27, 0.32, 0.24, -0.15, 0.39)","(array([2.9042, 2.0572, 0.25  ]), array([0.    , 0.    , 0.2619, 0.9651]))"
"(-0.2701, 0.3198, 0.2398, -0.1501, -0.2201)","(array([3.6288, 0.2429, 0.25  ]), array([ 0.    ,  0.    , -0.0402,  0.9992]))"
"(-0.27, 0.17, 0.24, -0.15, -0.22)","(array([ 3.6597, -0.1412,  0.25  ]), array([ 0.    ,  0.    , -0.1147,  0.9934]))"
"(-0.27, 0.24, 0.24, -0.15, -0.22)","(array([3.6524, 0.039 , 0.25  ]), array([ 0.    ,  0.    , -0.0799,  0.9968]))"
"(-0.24, 0.24, 0.24, -0.15, -0.22)","(array([3.6543, 0.0532, 0.25  ]), array([ 0.    ,  0.    , -0.065 ,  0.9979]))"
"(-0.2399, -0.3799, 0.2401, -0.1499, -0.2199)","(array([ 3.2965, -1.4807,  0.25  ]), array([ 0.    ,  0.    , -0.3661,  0.9306]))"
"(-0.24, -0.38, 0.24, -0.15, -0.32)","(array([ 3.1338, -1.7643,  0.25  ]), array([ 0.    ,  0.    , -0.4123,  0.9111]))"
"(-0.2403, -0.3803, 0.2397, -0.1503, 0.4097)","(array([3.6107, 0.5141, 0.25  ]), array([ 0.    ,  0.    , -0.0607,  0.9982]))"
"(-0.24, -0.38, -0.25, -0.15, 0.41)","(array([ 3.4912, -0.3849,  0.25  ]), array([ 0.    ,  0.    , -0.3003,  0.9538]))"
"(-0.24, -0.38, -0.25, -0.46, 0.41)","(array([ 3.2782, -0.6798,  0.25  ]), array([ 0.   ,  0.   , -0.444,  0.896]))"
"(-0.13, -0.38, -0.25, -0.46, 0.41)","(array([ 3.3176, -0.6455,  0.25  ]), array([ 0.    ,  0.    , -0.394 ,  0.9191]))"
"(-0.42, -0.38, -0.25, -0.46, 0.41)","(array([ 3.2064, -0.726 ,  0.25  ]), array([ 0.    ,  0.    , -0.5227,  0.8525]))"
"(-0.42, -0.43, -0.25, -0.46, 0.41)","(array([ 3.1533, -0.833 ,  0.25  ]), array([ 0.    ,  0.    , -0.5438,  0.8392]))"
"(-0.42, -0.43, -0.25, -0.46, 0.27)","(array([ 3.0101, -1.2108,  0.25  ]), array([ 0.    ,  0.    , -0.6012,  0.7991]))"
"(-0.4202, -0.4299, -0.25, -0.46, -0.4999)","(array([ 1.4265, -2.6951,  0.25  ]), array([ 0.    ,  0.    , -0.8575,  0.5145]))"
"(0.11, -0.43, -0.25, -0.46, -0.5)","(array([ 1.6703, -2.748 ,  0.25  ]), array([ 0.    ,  0.    , -0.6925,  0.7214]))"
"(0.11, -0.43, -0.25, -0.32, -0.5)","(array([ 1.8355, -2.7413,  0.25  ]), array([ 0.    ,  0.    , -0.6404,  0.768 ]))"
"(0.11, -0.25, -0.25, -0.32, -0.5)","(array([ 2.2519, -2.5548,  0.25  ]), array([ 0.    ,  0.    , -0.5688,  0.8225]))"
"(0.11, -0.25, -0.25, 0.02, -0.5)","(array([ 2.6106, -2.3767,  0.25  ]), array([ 0.    ,  0.    , -0.4214,  0.9069]))"
"(0.13, -0.25, -0.25, 0.02, -0.5)","(array([ 2.6176, -2.3706,  0.25  ]), array([ 0.    ,  0.    , -0.4123,  0.911 ]))"
"(-0.1, -0.25, -0.25, 0.02, -0.5)","(array([ 2.5286, -2.4336,  0.25  ]), array([ 0.    ,  0.    , -0.5141,  0.8577]))"
"(-0.1, -0.25, -0.25, 0.02, -0.38)","(array([ 2.8045, -2.1598,  0.25  ]), array([ 0.    ,  0.    , -0.4618,  0.887 ]))"
"(-0.1, -0.25, 0.44, 0.02, -0.3801)","(array([ 3.4744, -1.0677,  0.25  ]), array([ 0.    ,  0.    , -0.1346,  0.9909]))"
"(-0.0988, -0.2487, 0.4327, 0.0212, -0.3785)","(array([ 3.475 , -1.0688,  0.25  ]), array([ 0.    ,  0.    , -0.1348,  0.9909]))"
"(-0.1, -0.05, 0.43, 0.02, -0.38)","(array([ 3.5856, -0.5883,  0.25  ]), array([ 0.    ,  0.    , -0.04  ,  0.9992]))"
"(-0.1, 0.32, 0.43, 0.02, -0.38)","(array([3.5312, 0.3525, 0.25  ]), array([0.    , 0.    , 0.1446, 0.9895]))"
"(-0.1, 0.32, 0.43, 0.02, -0.08)","(array([3.2866, 1.2658, 0.25  ]), array([0.    , 0.    , 0.2908, 0.9568]))"
"(-0.1, 0.32, 0.43, -0.32, -0.08)","(array([3.4703, 0.9092, 0.25  ]), array([0.    , 0.    , 0.1246, 0.9922]))"
"(-0.1002, 0.3199, -0.3801, -0.3201, -0.0801)","(array([ 3.5239, -0.5605,  0.25  ]), array([ 0.    ,  0.    , -0.2767,  0.961 ]))"
"(-0.1, 0.26, -0.38, -0.32, -0.08)","(array([ 3.4898, -0.704 ,  0.25  ]), array([ 0.    ,  0.    , -0.305 ,  0.9523]))"
"(-0.1, 0.26, -0.27, -0.32, -0.08)","(array([ 3.5645, -0.5132,  0.25  ]), array([ 0.    ,  0.    , -0.2523,  0.9677]))"
"(-0.1, 0.14, -0.27, -0.32, -0.08)","(array([ 3.4922, -0.8054,  0.25  ]), array([ 0.    ,  0.    , -0.3098,  0.9508]))"
"(-0.1, 0.14, 0.12, -0.32, -0.08)","(array([ 3.6662, -0.1037,  0.25  ]), array([ 0.    ,  0.    , -0.1196,  0.9928]))"
"(-0.1, 0.22, 0.12, -0.32, -0.08)","(array([3.6618, 0.1015, 0.25  ]), array([ 0.    ,  0.    , -0.0799,  0.9968]))"
"(-0.1, 0.22, 0.12, -0.22, -0.08)","(array([3.6682, 0.2197, 0.25  ]), array([ 0.    ,  0.    , -0.03  ,  0.9995]))"
"(-0.1, 0.41, 0.12, -0.22, -0.08)","(array([3.5697, 0.7006, 0.25  ]), array([0.    , 0.    , 0.0649, 0.9979]))"
"(-0.1, 0.41, 0.2, -0.22, -0.08)","(array([3.5218, 0.8432, 0.25  ]), array([0.    , 0.    , 0.1048, 0.9945]))"
"(-0.1, 0.41, -0.15, -0.22, -0.08)","(array([3.645 , 0.2004, 0.25  ]), array([ 0.    ,  0.    , -0.07  ,  0.9975]))"
"(-0.1, 0.07, -0.15, -0.22, -0.08)","(array([ 3.5848, -0.6648,  0.25  ]), array([ 0.    ,  0.    , -0.2378,  0.9713]))"
"(-0.1, 0.07, -0.15, 0.01, -0.08)","(array([ 3.6676, -0.4056,  0.25  ]), array([ 0.    ,  0.    , -0.1247,  0.9922]))"
"(-0.1, 0.07, -0.15, 0.01, 0.17)","(array([3.666 , 0.4189, 0.25  ]), array([0.e+00, 0.e+00, 1.e-04, 1.e+00]))"
"(-0.1, 0.0699, -0.1501, 0.0099, -0.4701)","(array([ 3.2667, -1.6231,  0.25  ]), array([ 0.    ,  0.    , -0.3147,  0.9492]))"
"(-0.1, 0.07, -0.15, 0.01, -0.31)","(array([ 3.4887, -1.143 ,  0.25  ]), array([ 0.    ,  0.    , -0.2377,  0.9713]))"
"(-0.0999, -0.48, -0.15, 0.0101, -0.31)","(array([ 2.6474, -2.2737,  0.25  ]), array([ 0.    ,  0.    , -0.4924,  0.8704]))"
"(-0.1, -0.48, 0.35, 0.01, -0.31)","(array([ 3.2588, -1.5643,  0.25  ]), array([ 0.    ,  0.    , -0.262 ,  0.9651]))"
"(-0.1, -0.48, 0.35, 0.01, -0.18)","(array([ 3.4373, -1.1789,  0.25  ]), array([ 0.    ,  0.    , -0.1987,  0.9801]))"
"(-0.1, -0.48, 0.35, 0.43, -0.18)","(array([ 3.5035, -0.6895,  0.25  ]), array([0.  , 0.  , 0.01, 1.  ]))"
"(-0.1012, -0.4813, 0.3575, 0.4288, -0.1815)","(array([ 3.5028, -0.688 ,  0.25  ]), array([0.    , 0.    , 0.0103, 0.9999]))"
"(0.4, -0.48, 0.36, 0.43, -0.18)","(array([ 3.4373, -0.4458,  0.25  ]), array([0.    , 0.    , 0.2619, 0.9651]))"
"(0.4, -0.48, 0.25, 0.43, -0.18)","(array([ 3.4393, -0.643 ,  0.25  ]), array([0.    , 0.    , 0.2085, 0.978 ]))"
"(0.4, -0.48, 0.25, -0.06, -0.18)","(array([ 3.4004, -1.2038,  0.25  ]), array([ 0.    ,  0.    , -0.0349,  0.9994]))"
"(0.4, -0.48, 0.25, 0.1, -0.18)","(array([ 3.4433, -1.024 ,  0.25  ]), array([0.   , 0.   , 0.045, 0.999]))"
"(0.4, -0.48, 0.25, 0.1, -0.24)","(array([ 3.3764, -1.2053,  0.25  ]), array([0.    , 0.    , 0.015 , 0.9999]))"
"(-0.28, -0.48, 0.25, 0.1, -0.24)","(array([ 3.2829, -1.5081,  0.25  ]), array([ 0.    ,  0.    , -0.3193,  0.9477]))"
"(-0.28, -0.48, 0.25, 0.1, 0.1)","(array([ 3.6201, -0.4559,  0.25  ]), array([ 0.    ,  0.    , -0.1544,  0.988 ]))"
"(-0.28, -0.48, 0.25, 0.08, 0.1)","(array([ 3.6164, -0.4792,  0.25  ]), array([ 0.    ,  0.    , -0.1642,  0.9864]))"
"(-0.28, -0.48, 0.25, -0.17, 0.1)","(array([ 3.5322, -0.7601,  0.25  ]), array([ 0.    ,  0.    , -0.286 ,  0.9582]))"
"(-0.2798, 0.3201, 0.2502, -0.1698, 0.1001)","(array([3.3879, 1.2429, 0.25  ]), array([0.    , 0.    , 0.1102, 0.9939]))"
"(-0.36, 0.32, 0.25, -0.17, 0.1)","(array([3.3958, 1.2042, 0.25  ]), array([0.    , 0.    , 0.07  , 0.9976]))"
"(-0.36, 0.32, 0.25, 0.11, 0.1)","(array([3.2417, 1.4919, 0.25  ]), array([0.    , 0.    , 0.2085, 0.978 ]))"
"(-0.3601, 0.32, 0.25, 0.1099, -0.41)","(array([ 3.6067, -0.0923,  0.25  ]), array([ 0.    ,  0.    , -0.0452,  0.999 ]))"
"(-0.3602, 0.32, 0.25, 0.1099, 0.23)","(array([3.0248, 1.8486, 0.25  ]), array([0.    , 0.    , 0.2713, 0.9625]))"
"(-0.36, 0.32, 0.25, 0.11, 0.01)","(array([3.3643, 1.229 , 0.25  ]), array([0.    , 0.    , 0.1642, 0.9864]))"
"(-0.36, 0.32, 0.25, 0.39, 0.01)","(array([3.1586, 1.4826, 0.25  ]), array([0.    , 0.    , 0.3003, 0.9538]))"
"(0.3999, 0.32, 0.2499, 0.3899, 0.01)","(array([2.8624, 1.6724, 0.25  ]), array([0.    , 0.    , 0.6325, 0.7745]))"
"(0.01, 0.32, 0.25, 0.39, 0.01)","(array([3.0326, 1.6036, 0.25  ]), array([0.    , 0.    , 0.4706, 0.8823]))"
"(0.01, 0.32, 0.25, 0.39, 0.05)","(array([2.9663, 1.7081, 0.25  ]), array([0.    , 0.    , 0.4882, 0.8727]))"
"(0.0101, -0.2499, 0.2501, 0.3901, 0.0501)","(array([3.5731, 0.4351, 0.25  ]), array([0.    , 0.    , 0.2233, 0.9747]))"
"(-0.31, -0.25, 0.25, 0.39, 0.05)","(array([3.6181, 0.2897, 0.25  ]), array([0.    , 0.    , 0.0649, 0.9979]))"
"(-0.3101, -0.25, 0.25, 0.3899, 0.45)","(array([3.2504, 1.5247, 0.25  ]), array([0.    , 0.    , 0.2618, 0.9651]))"
"(-0.31, -0.25, -0.14, 0.39, 0.45)","(array([3.5443, 0.8632, 0.25  ]), array([0.    , 0.    , 0.0699, 0.9976]))"
"(-0.31, -0.25, -0.14, 0.21, 0.45)","(array([3.5926, 0.6583, 0.25  ]), array([ 0.    ,  0.    , -0.02  ,  0.9998]))"
"(-0.3106, -0.2506, -0.1406, 0.2093, -0.4205)","(array([ 2.9533, -2.0301,  0.25  ]), array([ 0.    ,  0.    , -0.4408,  0.8976]))"
"(-0.3101, -0.25, 0.44, 0.21, -0.42)","(array([ 3.4437, -1.066 ,  0.25  ]), array([ 0.    ,  0.    , -0.1644,  0.9864]))"
"(-0.31, -0.25, 0.44, -0.19, -0.42)","(array([ 3.2846, -1.504 ,  0.25  ]), array([ 0.    ,  0.    , -0.357 ,  0.9341]))"
"(0.24, -0.25, 0.44, -0.19, -0.42)","(array([ 3.3956, -1.2709,  0.25  ]), array([ 0.    ,  0.    , -0.0898,  0.996 ]))"
"(0.49, -0.25, 0.44, -0.19, -0.42)","(array([ 3.4008, -1.1527,  0.25  ]), array([0.    , 0.    , 0.035 , 0.9994]))"
"(-0.09, -0.25, 0.44, -0.19, -0.42)","(array([ 3.3442, -1.4187,  0.25  ]), array([ 0.    ,  0.    , -0.2523,  0.9676]))"
"(-0.3, -0.25, 0.44, -0.19, -0.42)","(array([ 3.2877, -1.5004,  0.25  ]), array([ 0.    ,  0.    , -0.3523,  0.9359]))"
"(-0.3, 0.21, 0.44, -0.19, -0.42)","(array([ 3.5912, -0.3743,  0.25  ]), array([ 0.    ,  0.    , -0.1296,  0.9916]))"
"(0.4799, 0.2099, 0.4399, -0.1901, -0.4201)","(array([ 3.5406, -0.0175,  0.25  ]), array([0.    , 0.    , 0.2569, 0.9664]))"
"(0.4799, 0.2097, 0.4397, -0.1902, 0.3197)","(array([2.7284, 2.1128, 0.25  ]), array([0.    , 0.    , 0.5889, 0.8082]))"
"(0.48, 0.21, 0.44, -0.19, 0.13)","(array([3.0843, 1.6339, 0.25  ]), array([0.    , 0.    , 0.5098, 0.8603]))"
"(0.48, 0.21, 0.44, -0.19, 0.19)","(array([2.9815, 1.7927, 0.25  ]), array([0.    , 0.    , 0.5354, 0.8446]))"
"(0.48, 0.35, 0.44, -0.19, 0.19)","(array([2.7316, 2.0412, 0.25  ]), array([0.    , 0.    , 0.5931, 0.8051]))"
"(0.48, 0.35, 0.44, -0.24, 0.19)","(array([2.7783, 2.0079, 0.25  ]), array([0.    , 0.    , 0.5729, 0.8196]))"
"(0.4778, 0.3499, 0.439, -0.2418, 0.2004)","(array([2.7677, 2.0242, 0.25  ]), array([0.    , 0.    , 0.5737, 0.8191]))"
"(0.48, 0.35, 0.44, -0.34, 0.2)","(array([2.8471, 1.9592, 0.25  ]), array([0.    , 0.    , 0.5354, 0.8446]))"
"(0.48, -0.0, 0.44, -0.34, 0.2)","(array([3.3638, 1.2437, 0.25  ]), array([0.    , 0.    , 0.3801, 0.9249]))"
"(0.4798, -0.0001, -0.3601, -0.3401, 0.1999)","(array([ 3.5727, -0.1858,  0.25  ]), array([ 0.    ,  0.    , -0.0103,  0.9999]))"
"(-0.4601, -0.0001, -0.3601, -0.3402, 0.1999)","(array([ 3.374 , -0.5676,  0.25  ]), array([ 0.    ,  0.    , -0.4621,  0.8868]))"
"(-0.46, -0.33, -0.36, -0.34, 0.2)","(array([ 3.0214, -1.2709,  0.25  ]), array([ 0.    ,  0.    , -0.6012,  0.7991]))"
"(-0.46, -0.33, -0.15, -0.34, 0.2)","(array([ 3.2695, -0.9846,  0.25  ]), array([ 0.    ,  0.    , -0.5142,  0.8577]))"
"(-0.46, 0.3699, -0.15, -0.34, 0.1999)","(array([3.4804, 0.6889, 0.25  ]), array([ 0.    ,  0.    , -0.1888,  0.982 ]))"
"(-0.46, 0.37, -0.15, -0.34, -0.06)","(array([ 3.5535, -0.1298,  0.25  ]), array([ 0.    ,  0.    , -0.3146,  0.9492]))"
"(-0.46, 0.37, -0.15, -0.36, -0.06)","(array([ 3.545, -0.151,  0.25 ]), array([ 0.   ,  0.   , -0.324,  0.946]))"
"(-0.46, 0.37, 0.07, -0.36, -0.06)","(array([3.5732, 0.2437, 0.25  ]), array([ 0.    ,  0.    , -0.2183,  0.9759]))"
"(-0.5, 0.37, 0.07, -0.36, -0.06)","(array([3.5649, 0.2267, 0.25  ]), array([ 0.    ,  0.    , -0.2377,  0.9713]))"
"(-0.5, 0.25, 0.07, -0.36, -0.06)","(array([ 3.5794, -0.0707,  0.25  ]), array([ 0.    ,  0.    , -0.2955,  0.9553]))"
"(-0.5, 0.25, 0.07, -0.36, -0.01)","(array([3.5789, 0.0887, 0.25  ]), array([ 0.    ,  0.    , -0.2716,  0.9624]))"
"(-0.5, 0.2501, 0.0701, 0.3801, -0.0099)","(array([3.482 , 0.9176, 0.25  ]), array([0.    , 0.    , 0.095 , 0.9955]))"
"(-0.5, 0.25, -0.13, 0.38, -0.01)","(array([3.5985, 0.5653, 0.25  ]), array([ 0.   ,  0.   , -0.005,  1.   ]))"
"(-0.5, 0.25, -0.13, 0.38, 0.31)","(array([3.2576, 1.5469, 0.25  ]), array([0.    , 0.    , 0.1544, 0.988 ]))"
"(-0.5, 0.25, -0.13, 0.28, 0.31)","(array([3.3185, 1.4489, 0.25  ]), array([0.    , 0.    , 0.1048, 0.9945]))"
"(-0.5, 0.25, 0.2, 0.28, 0.31)","(array([2.9521, 1.9388, 0.25  ]), array([0.    , 0.    , 0.2668, 0.9638]))"
"(-0.5, 0.25, 0.2, 0.08, 0.31)","(array([3.1068, 1.7681, 0.25  ]), array([0.    , 0.    , 0.1692, 0.9856]))"
"(-0.5, 0.25, 0.2, 0.08, 0.33)","(array([3.0709, 1.8221, 0.25  ]), array([0.    , 0.    , 0.179 , 0.9838]))"
"(-0.5, 0.2501, -0.4499, 0.0801, 0.3301)","(array([3.5096, 0.7189, 0.25  ]), array([ 0.    ,  0.    , -0.1444,  0.9895]))"
"(-0.5, 0.25, -0.45, -0.44, 0.33)","(array([3.3609, 0.1447, 0.25  ]), array([ 0.    ,  0.    , -0.3939,  0.9191]))"
"(-0.5, -0.02, -0.45, -0.44, 0.33)","(array([ 3.2546, -0.4664,  0.25  ]), array([ 0.    ,  0.    , -0.5141,  0.8577]))"
"(-0.5, -0.02, -0.45, -0.37, 0.33)","(array([ 3.3095, -0.4074,  0.25  ]), array([ 0.    ,  0.    , -0.4838,  0.8752]))"
"(-0.5005, -0.0202, -0.4502, -0.3704, -0.4901)","(array([ 2.0802, -2.4156,  0.25  ]), array([ 0.    ,  0.    , -0.7932,  0.609 ]))"
"(-0.47, -0.02, -0.45, -0.37, -0.49)","(array([ 2.0969, -2.418 ,  0.25  ]), array([ 0.    ,  0.    , -0.7833,  0.6216]))"
"(-0.47, -0.02, -0.45, -0.37, -0.4)","(array([ 2.3072, -2.2546,  0.25  ]), array([ 0.    ,  0.    , -0.7546,  0.6562]))"
"(-0.47, 0.02, -0.45, -0.37, -0.4)","(array([ 2.3854, -2.2023,  0.25  ]), array([ 0.    ,  0.    , -0.7413,  0.6712]))"
"(-0.47, 0.02, -0.39, -0.37, -0.4)","(array([ 2.4838, -2.1582,  0.25  ]), array([ 0.    ,  0.    , -0.7208,  0.6931]))"
"(-0.47, 0.02, -0.28, -0.37, -0.4)","(array([ 2.6567, -2.0625,  0.25  ]), array([ 0.    ,  0.    , -0.6817,  0.7317]))"
"(-0.47, 0.02, -0.28, -0.14, -0.4)","(array([ 2.8942, -1.9436,  0.25  ]), array([ 0.    ,  0.    , -0.5932,  0.8051]))"
"(-0.47, 0.02, -0.28, -0.04, -0.4)","(array([ 2.9877, -1.8757,  0.25  ]), array([ 0.    ,  0.    , -0.5522,  0.8337]))"
"(-0.47, 0.1, -0.28, -0.04, -0.4)","(array([ 3.1092, -1.715 ,  0.25  ]), array([ 0.    ,  0.    , -0.5184,  0.8551]))"
"(-0.42, 0.1, -0.28, -0.04, -0.4)","(array([ 3.1299, -1.7032,  0.25  ]), array([ 0.    ,  0.    , -0.4969,  0.8678]))"
"(-0.42, 0.1, -0.33, -0.04, -0.4)","(array([ 3.0674, -1.7722,  0.25  ]), array([ 0.    ,  0.    , -0.5184,  0.8551]))"
"(-0.42, 0.1, -0.38, -0.04, -0.4)","(array([ 3.0014, -1.8379,  0.25  ]), array([ 0.    ,  0.    , -0.5396,  0.8419]))"
"(-0.42, 0.06, -0.38, -0.04, -0.4)","(array([ 2.9374, -1.9151,  0.25  ]), array([ 0.    ,  0.    , -0.5564,  0.8309]))"
"(-0.42, 0.06, -0.38, -0.04, -0.37)","(array([ 2.9937, -1.8377,  0.25  ]), array([ 0.    ,  0.    , -0.5438,  0.8392]))"
"(0.09, 0.06, -0.38, -0.04, -0.37)","(array([ 3.179 , -1.6859,  0.25  ]), array([ 0.    ,  0.    , -0.3146,  0.9492]))"
"(0.36, 0.06, -0.38, -0.04, -0.37)","(array([ 3.2398, -1.5733,  0.25  ]), array([ 0.    ,  0.    , -0.1839,  0.9829]))"
"(0.36, 0.06, -0.38, 0.08, -0.37)","(array([ 3.3103, -1.453 ,  0.25  ]), array([ 0.    ,  0.    , -0.1247,  0.9922]))"
"(0.36, 0.06, -0.38, 0.06, -0.37)","(array([ 3.2996, -1.4735,  0.25  ]), array([ 0.    ,  0.    , -0.1346,  0.9909]))"
"(0.36, -0.33, -0.38, 0.06, -0.37)","(array([ 2.6677, -2.2381,  0.25  ]), array([ 0.    ,  0.    , -0.3241,  0.946 ]))"
"(0.36, -0.33, -0.38, 0.13, -0.37)","(array([ 2.7289, -2.1838,  0.25  ]), array([ 0.    ,  0.    , -0.2908,  0.9568]))"
"(0.3597, -0.3302, -0.3802, 0.1297, 0.3099)","(array([ 3.5809, -0.2276,  0.25  ]), array([0.    , 0.    , 0.0443, 0.999 ]))"
"(0.36, 0.08, -0.38, 0.13, 0.31)","(array([3.5486, 0.8153, 0.25  ]), array([0.    , 0.    , 0.2475, 0.9689]))"
"(0.36, 0.0799, 0.2699, 0.1299, 0.3099)","(array([2.9774, 1.8544, 0.25  ]), array([0.    , 0.    , 0.5437, 0.8393]))"
"(-0.49, 0.08, 0.27, 0.13, 0.31)","(array([3.2399, 1.5643, 0.25  ]), array([0.    , 0.    , 0.1494, 0.9888]))"
"(-0.49, 0.08, 0.27, -0.37, 0.31)","(array([3.4304, 1.0262, 0.25  ]), array([ 0.    ,  0.    , -0.0997,  0.995 ]))"
"(-0.49, 0.08, 0.27, -0.15, 0.31)","(array([3.3801, 1.2742, 0.25  ]), array([0.    , 0.    , 0.01  , 0.9999]))"
"(-0.49, 0.0801, -0.42, -0.15, 0.3101)","(array([3.5017, 0.0374, 0.25  ]), array([ 0.    ,  0.    , -0.3288,  0.9444]))"
"(-0.49, 0.08, -0.42, -0.46, 0.31)","(array([ 3.32  , -0.2696,  0.25  ]), array([ 0.    ,  0.    , -0.4707,  0.8823]))"
"(-0.49, 0.08, -0.42, -0.03, 0.31)","(array([3.5452, 0.1686, 0.25  ]), array([ 0.    ,  0.    , -0.2716,  0.9624]))"
"(-0.49, 0.08, -0.39, -0.03, 0.31)","(array([3.5539, 0.2235, 0.25  ]), array([ 0.    ,  0.    , -0.2571,  0.9664]))"
"(-0.49, 0.08, -0.39, 0.29, 0.31)","(array([3.5796, 0.5907, 0.25  ]), array([ 0.    ,  0.    , -0.0998,  0.995 ]))"
"(-0.49, 0.08, -0.39, -0.26, 0.31)","(array([ 3.4644, -0.0255,  0.25  ]), array([ 0.    ,  0.    , -0.3662,  0.9305]))"
"(-0.49, 0.0801, -0.3899, 0.5, 0.3101)","(array([3.5326, 0.8282, 0.25  ]), array([0.   , 0.   , 0.005, 1.   ]))"
"(-0.27, 0.08, -0.39, 0.5, 0.31)","(array([3.5191, 0.9313, 0.25  ]), array([0.    , 0.    , 0.1148, 0.9934]))"
"(-0.2701, 0.0799, 0.2099, 0.4999, 0.31)","(array([2.9541, 1.8691, 0.25  ]), array([0.    , 0.    , 0.403 , 0.9152]))"
"(-0.27, 0.08, 0.21, 0.5, 0.16)","(array([3.2042, 1.4651, 0.25  ]), array([0.    , 0.    , 0.3335, 0.9427]))"
"(-0.27, 0.08, 0.21, 0.14, 0.16)","(array([3.4618, 1.1314, 0.25  ]), array([0.    , 0.    , 0.1593, 0.9872]))"
"(-0.27, -0.04, 0.21, 0.14, 0.16)","(array([3.5666, 0.8402, 0.25  ]), array([0.    , 0.    , 0.0999, 0.995 ]))"
"(-0.27, -0.04, 0.21, 0.14, 0.22)","(array([3.5105, 1.0292, 0.25  ]), array([0.    , 0.    , 0.1296, 0.9916]))"
"(-0.27, -0.04, 0.21, 0.14, 0.42)","(array([3.2437, 1.6293, 0.25  ]), array([0.    , 0.    , 0.228 , 0.9737]))"
"(-0.27, -0.18, 0.21, 0.14, 0.42)","(array([3.409 , 1.3082, 0.25  ]), array([0.    , 0.    , 0.1594, 0.9872]))"
"(-0.27, -0.18, 0.21, 0.09, 0.42)","(array([3.4348, 1.2551, 0.25  ]), array([0.    , 0.    , 0.1346, 0.9909]))"
"(-0.27, -0.18, 0.21, 0.37, 0.42)","(array([3.2582, 1.532 , 0.25  ]), array([0.    , 0.    , 0.2716, 0.9624]))"
"(0.24, -0.18, 0.21, 0.37, 0.42)","(array([3.0838, 1.6961, 0.25  ]), array([0.    , 0.    , 0.5055, 0.8628]))"
"(0.24, -0.18, 0.21, 0.5, 0.42)","(array([2.9573, 1.7816, 0.25  ]), array([0.    , 0.    , 0.5605, 0.8282]))"
"(0.24, -0.18, 0.21, 0.23, 0.42)","(array([3.2065, 1.5866, 0.25  ]), array([0.    , 0.    , 0.4439, 0.8961]))"
"(0.49, -0.18, 0.21, 0.23, 0.42)","(array([3.1033, 1.6451, 0.25  ]), array([0.    , 0.    , 0.5522, 0.8337]))"
"(0.4901, -0.18, 0.21, 0.23, 0.04)","(array([3.5196, 0.5206, 0.25  ]), array([0.    , 0.    , 0.3849, 0.9229]))"
"(0.49, -0.18, 0.21, 0.23, -0.07)","(array([3.5579, 0.1733, 0.25  ]), array([0.    , 0.    , 0.3335, 0.9427]))"
"(0.49, -0.1799, -0.4799, 0.23, -0.0699)","(array([ 3.4056, -1.0476,  0.25  ]), array([ 0.   ,  0.   , -0.005,  1.   ]))"
"(0.49, -0.18, -0.48, -0.22, -0.07)","(array([ 3.145 , -1.4884,  0.25  ]), array([ 0.    ,  0.    , -0.2279,  0.9737]))"
"(0.49, -0.18, -0.48, -0.22, -0.4)","(array([ 2.5137, -2.302 ,  0.25  ]), array([ 0.    ,  0.    , -0.3848,  0.923 ]))"
"(0.49, -0.1801, 0.1799, -0.2201, -0.4001)","(array([ 3.3323, -1.4198,  0.25  ]), array([ 0.    ,  0.    , -0.065 ,  0.9979]))"
"(-0.19, -0.18, 0.18, -0.22, -0.4)","(array([ 3.192 , -1.7034,  0.25  ]), array([ 0.    ,  0.    , -0.394 ,  0.9191]))"
"(-0.19, -0.23, 0.18, -0.22, -0.4)","(array([ 3.118, -1.809,  0.25 ]), array([ 0.    ,  0.    , -0.4169,  0.909 ]))"
"(0.12, -0.23, 0.18, -0.22, -0.4)","(array([ 3.2119, -1.6963,  0.25  ]), array([ 0.    ,  0.    , -0.2715,  0.9624]))"
"(0.1199, 0.3699, 0.1799, -0.2201, -0.4001)","(array([ 3.6344, -0.2234,  0.25  ]), array([0.    , 0.    , 0.0248, 0.9997]))"
